level,avg_time_ranked,avg_time_casual,avg_time_total,count
0,4.9703860391327340,74.4535118503918081,79.4238978895245421,53177
1,35.7643317728115891,539.3224980125430616,575.0868297853546506,11321
2,131.7509229633275905,1260.2859340388875215,1392.0368570022151120,16252
3,282.6613747954173486,2295.6952536824877250,2578.3566284779050736,12220
4,449.2203557312252964,3333.9850955204216074,3783.2054512516469038,12144
5,556.8309218013331166,4424.1303040156072183,4980.9612258169403349,12302
6,739.5861401471157569,5564.1007355787843593,6303.6868757259001161,12915
7,910.3889155470249520,6814.7787907869481766,7725.1677063339731286,12504
8,1021.1668905305574211,8071.7234721289456011,9092.8903626595030222,11912
9,1162.6664548471369060,9431.6058038551154416,10594.2722587022523477,14163
10,1362.2653016453382084,10843.0725411334552102,12205.3378427787934186,13675
11,1613.4970993220102048,12363.0496260571748095,13976.5467253791850143,14307
12,1817.0055628954871010,14026.840275363327,15843.845838258814,14381
13,1981.2283767128253462,15754.432320742406,17735.660697455231,13793
14,2160.0216557796080659,17533.097415506958,19693.119071286566,14084
15,2389.0278656424160265,19531.267434854647,21920.295300497063,13278
16,2641.2212911978293831,21475.671454792116,24116.892745989945,12531
17,2812.5669506244313953,23670.990240674882,26483.557191299314,12091
18,2884.1583621576142844,26028.993082172572,28913.151444330186,10697
19,2946.1973251994368841,28792.518770530267,31738.716095729704,8524
20,3184.9231438285759469,30356.554439788092,33541.477583616668,12647
21,4587.7447976878612717,31759.999132947977,36347.743930635838,13840
22,6045.8151418242491657,32799.328281423804,38845.143423248053,14384
23,7317.0409024937326824,34124.980934160179,41442.021836653912,15158
24,9093.6772372677110420,35123.722268028160,44217.399505295871,15767
25,10570.3042983034590252,36206.411186379713,46776.715484683172,16681
26,12321.472163033383,36868.868655411681,49190.340818445064,18303
27,13883.901640231689,38034.730579765063,51918.632219996752,18473
28,15627.130449015222,38760.254623820176,54387.385072835397,18329
29,17346.185414342225,39961.784968049498,57307.970382391723,19718
30,19093.370057072972,41206.943844272320,60300.313901345291,19624
31,20880.192641139436,42588.681184848798,63468.873825988234,19378
32,22402.152560860727,43810.374832663989,66212.527393524716,20169
33,24406.462508724698,45048.960863495862,69455.423372220560,20058
34,26003.906167713186,46577.093933562892,72581.000101276079,19748
35,27966.272039312039,47932.712039312039,75898.984078624079,20350
36,29622.063501454420,49870.400976186955,79492.464477641375,20283
37,31592.310231023102,50893.323532353235,82485.633763376338,19998
38,33592.860074108384,52635.769615562761,86228.629689671144,21590
39,35867.860052935060,54017.335806787031,89885.195859722091,21158
40,37861.720981839591,55702.188804854853,93563.909786694443,22081
41,39890.401215121512,57758.453330333033,97648.854545454545,22220
42,41823.144991869204,60254.820858787852,102077.965850657056,22753
43,44074.643785505250,62177.814942330866,106252.458727836116,23236
44,46739.877824443511,64360.187064258715,111100.064888702226,23810
45,48636.501596119564,66920.494879980100,115556.996476099664,24121
46,51431.416538055398,68816.328364876939,120247.744902932337,24622
47,54012.176644284443,71543.708842326673,125555.885486611116,24722
48,56988.832683586602,73705.701368446177,130694.534052032779,25138
49,59552.940407322292,76593.206632855218,136146.147040177510,25238
50,61691.661803349414,80024.407185159038,141716.068988508452,25497
51,64217.594793213979,83147.098311312642,147364.693104526620,25582
52,67141.672725878202,86480.083294983893,153621.756020862095,26076
53,69402.411780292993,90633.362001741303,160035.773782034296,26417
54,73004.258020112415,92794.074064160899,165798.332084273315,26153
55,75799.866513497990,96310.820486310549,172110.686999808539,26115
56,78436.840094196293,100571.830332725615,179008.670426921908,26328
57,81395.088886379038,104267.843761764927,185662.932648143965,26562
58,84765.515792221352,108200.507513890443,192966.023306111795,26817
59,87859.557742830712,111892.448991674376,199752.006734505088,27025
60,90584.181551869347,116796.905855212567,207381.087407081914,27309
61,94044.071605120449,120665.025270225403,214709.096875345852,27107
62,97810.991420752903,124483.258264921234,222294.249685674137,27042
63,100216.737456842724,130037.525416880923,230254.262873723647,27226
64,102934.956759497338,135146.902256183682,238081.859015681020,27613
65,105902.861886170708,140469.564561767972,246372.426447938680,27919
66,109668.454463285007,145105.345493329477,254773.799956614484,27659
67,113076.521518166090,150037.310986159170,263113.832504325260,27744
68,116658.575905517464,155513.504325663209,272172.080231180673,27857
69,119421.043049811185,161317.511994245639,280738.555044056824,27805
70,123649.950183308173,165995.380058946158,289645.330242254331,27822
71,127115.243669868933,171520.153244526981,298635.396914395914,28001
72,131882.552638947221,175896.755074898502,307779.307713845723,28572
73,133935.705246804604,183817.086787656239,317752.792034460843,28322
74,136993.864825174825,190712.565944055944,327706.430769230769,28600
75,141597.928210278432,194519.206469040033,336117.134679318465,28876
76,146382.435334713596,199567.042477570738,345949.477812284334,28980
77,149695.576561636263,207621.771282476506,357317.347844112769,28944
78,153421.961203183682,213618.152086276401,367040.113289460083,29023
79,157288.866657506956,220064.132999003881,377352.999656510837,29113
80,161955.074353781195,226503.274209604888,388458.348563386084,29131
81,166358.430825159476,232331.957678853145,398690.388504012621,29158
82,170213.885037491479,240039.065507839127,410252.950545330607,29340
83,174266.409793201807,246288.792115182179,420555.201908383986,29449
84,178661.420213667967,253679.175479057148,432340.595692725114,29485
85,183481.896065607103,259938.646379070792,443420.542444677895,29509
86,189517.630586333479,265076.279998652881,454593.910584986360,29693
87,192959.903102995182,272817.079242613120,465776.982345608302,29681
88,195951.121155137676,281373.610073875084,477324.731229012760,29780
89,202356.964484726418,287542.960590802283,489899.925075528701,29790
90,207271.641233874741,294363.654334603302,501635.295568478043,29922
91,212591.595953464846,301426.535255437532,514018.131208902377,29655
92,217564.989768281673,308692.903367104691,526257.893135386364,29907
93,223855.026055464270,313997.967707320345,537852.993762784615,29821
94,228600.386656507768,322711.261867691390,551311.648524199159,30187
95,234565.229843801928,327613.159022931206,562178.388866733134,30090
96,238524.757777556903,338227.771361362356,576752.529138919259,30183
97,244989.163221714699,344108.890309224146,589098.053530938845,30431
98,250802.138188950203,351542.374376703677,602344.512565653879,30082
99,258468.538638638639,356446.078678678679,614914.617317317317,29970
100,261671.153238651447,366830.244358906291,628501.397597557738,30136
101,268965.684602649007,372809.857980132450,641775.542582781457,30200
102,274427.898562168920,381969.231401967558,656397.129964136479,30393
103,280014.028873285649,390056.369709298510,670070.398582584159,30478
104,289350.230138356393,393435.351658609768,682785.581796966161,29995
105,293253.342573996642,404521.478813419814,697774.821387416455,30373
106,300636.411674347158,411824.502827074550,712460.914501421708,30597
107,306658.810844155844,419725.758993506494,726384.569837662338,30800
108,315032.626837039927,426280.911106775914,741313.537943815841,30756
109,320508.766624145488,435408.481699538809,755917.248323684297,30573
110,328107.821103658941,441504.016999800784,769611.838103459725,30118
111,336491.259520031733,449128.379743488034,785619.639263519767,30252
112,343715.611834398742,456514.919341343418,800230.531175742160,29879
113,351394.649361786339,464576.823213166661,815971.472574953000,30319
114,358330.022429595067,472859.428495250792,831189.450924845859,30005
115,368331.075017365131,476989.045314722323,845320.120332087454,30233
116,376527.277813074737,484656.280621969570,861183.558435044307,29905
117,382107.651524328690,495959.808331650851,878067.459855979541,29718
118,391295.777120516743,503017.795308516063,894313.572429032806,29415
119,400600.468899195198,508642.581196289729,909243.050095484927,29324
120,406185.764242465942,519550.063334250722,925735.827576716664,29068
121,414828.463756121112,527486.802193254707,942315.265949375819,28998
122,425592.010103092784,532169.828041237113,957761.838144329897,29100
123,433552.298339619981,541852.904713223111,975405.203052843092,28367
124,440846.132907638089,550519.539272130919,991365.672179769008,28659
125,449265.261388060736,559268.878700686404,1008534.140088747140,28846
126,460489.357293794464,566193.876910614919,1026683.234204409382,28394
127,470809.285851575013,572420.337070653141,1043229.622922228154,28095
128,476693.332388119388,583081.395135783619,1059774.727523903007,27507
129,488538.465513497865,587058.619924730405,1075597.085438228270,27634
130,498846.299459737587,595329.364989525525,1094175.664449263111,27209
131,504895.999598496186,606422.739424024528,1111318.739022520714,27397
132,516544.051118091392,613554.273502355845,1130098.324620447237,26742
133,522985.872795539879,624143.253840027307,1147129.126635567186,26367
134,537424.509652364075,628514.122766005580,1165938.632418369655,26522
135,549509.886266422243,635115.844294225481,1184625.730560647724,26184
136,559590.114915844457,642024.574037531437,1201614.688953375895,25845
137,566098.359047322055,652378.887697824901,1218477.246745146956,25654
138,577683.315702544339,661700.595894451217,1239383.911596995556,25429
139,591099.920310713300,667201.127084894129,1258301.047395607429,25361
140,601480.784027721815,673766.351760818761,1275247.135788540575,24818
141,611521.403447292286,683585.399046493623,1295106.802493785909,24541
142,624018.985641405414,691507.289928412738,1315526.275569818152,24306
143,628152.651444393933,704016.207505062611,1332168.858949456544,24197
144,643418.376217583808,709091.404554079696,1352509.780771663504,23715
145,655552.724340425532,716791.042425531915,1372343.766765957447,23500
146,671319.035348316542,719765.799578059072,1391084.834926375614,23226
147,675554.044274545376,734985.063452982593,1410539.107727527969,23151
148,691687.466562778272,741337.365093499555,1433024.831656277827,22460
149,703404.359503947897,746096.294464022840,1449500.653967970736,22417
150,713589.249672257131,759609.327109985986,1473198.576782243117,22121
151,728204.231822582876,763687.258564249159,1491891.490386832035,21689
152,737207.248591020101,775123.423022731542,1512330.671613751644,21292
153,750641.683789413881,784426.096865827100,1535067.780655240981,21122
154,760961.166642282370,792665.554840282858,1553626.721482565228,20505
155,774635.975027881492,800968.990544537652,1575604.965572419144,20624
156,791741.984341812793,805415.546702889602,1597157.531044702396,20245
157,797352.534874371859,819061.496783919598,1616414.031658291457,19900
158,809838.401242425785,830079.161617190285,1639917.562859616070,19639
159,823670.075074137662,837113.689714374902,1660783.764788512564,19221
160,844001.584535701073,838241.548491094551,1682243.133026795624,18921
161,856146.587948319305,846134.168766418271,1702280.756714737576,18653
162,869076.075589005236,856198.247327661431,1725274.322916666667,18336
163,877273.659167414722,871509.250336624776,1748782.909504039497,17824
164,896785.264358637997,870836.956367991787,1767622.220726629784,17533
165,906605.234926874386,886522.940748020117,1793128.175674894503,17299
166,923180.539371468927,893608.355225988701,1816788.894597457627,16992
167,931254.849066730276,907792.678931361441,1839047.527998091717,16769
168,949391.598219220141,908951.914215535769,1858343.512434755910,16285
169,964727.593913310790,917239.057116507839,1881966.651029818629,16265
170,971728.909621178130,934563.314723415166,1906292.224344593295,15601
171,993169.795461891525,934203.253022173379,1927373.048484064904,15469
172,1011674.671448131968,942219.028362782813,1953893.699810914781,15337
173,1016285.689286898839,959030.037412935323,1975315.726699834163,15075
174,1025503.309483517227,970324.111690245719,1995827.421173762946,14773
175,1047891.314934388669,972249.416857599111,2020140.731791987780,14403
176,1066700.250071042910,979583.565075305485,2046283.815146348394,14076
177,1080749.094037031637,989963.065169849832,2070712.159206881470,13718
178,1099092.621333928837,995142.823805270210,2094235.445139199047,13434
179,1108644.770710728837,1014098.817338162064,2122743.588048890901,13254
180,1125014.240009384531,1018380.432314068976,2143394.672323453507,12787
181,1142838.661928452973,1025171.081339335071,2168009.743267788044,12663
182,1146039.444749374445,1048852.647106303979,2194892.091855678424,12389
183,1180055.041460446247,1038189.741825557809,2218244.783286004057,12325
184,1176405.219597696353,1068857.323762624155,2245262.543360320507,11981
185,1199634.871396513033,1070556.654583117556,2270191.525979630589,11586
186,1215689.988744822618,1076255.662704844228,2291945.651449666847,11106
187,1228626.990401865806,1088859.964657337639,2317486.955059203445,11148
188,1246563.696553005668,1098747.497723682988,2345311.194276688656,10763
189,1261328.335998477061,1106524.171330668190,2367852.507329145250,10506
190,1292696.131588890988,1106526.917721518987,2399223.049310409975,10586
191,1309891.757125890736,1111870.839865399842,2421762.596991290578,10104
192,1310480.055200165085,1139257.382893107718,2449737.438093272802,9692
193,1341537.586556753329,1131286.943986472205,2472824.530543225534,9462
194,1349389.001392459297,1152223.461653813196,2501612.463046272494,9336
195,1370132.130012017918,1155198.858625587239,2525330.988637605157,9153
196,1385366.816595839857,1166129.081525385820,2551495.898121225677,8942
197,1402197.733812142296,1172144.065873639322,2574341.799685781618,8911
198,1432586.977068672652,1176892.523901965542,2609479.500970638195,8242
199,1434397.114748023715,1206198.186264822134,2640595.301012845850,8096
200,1455354.286270691334,1203097.903237585200,2658452.189508276534,8216
201,1459516.811013767209,1226148.086357947434,2685664.897371714643,7990
202,1483376.072956455309,1225012.940157881334,2708389.013114336644,7854
203,1485380.898359343737,1254561.990662931839,2739942.889022275577,7497
204,1533001.093373085784,1233327.513213172517,2766328.606586258301,7379
205,1533918.782012195122,1258421.558896895787,2792340.340909090909,7216
206,1546688.574480205070,1282613.593990316149,2829302.168470521219,7022
207,1560379.954024676851,1290689.874706227967,2851069.828730904818,6808
208,1600611.493472981178,1275542.190042501518,2876153.683515482696,6588
209,1604175.199667221298,1304571.968688549387,2908747.168355770685,6611
210,1625388.234926585442,1308347.136051233989,2933735.370977819431,6402
211,1656420.179862023653,1315150.000985545335,2971570.180847568988,6088
212,1672370.655509783728,1329154.796258153107,3001525.451767936835,5826
213,1679645.385216033316,1343896.419052576783,3023541.804268610099,5763
214,1726742.010097431355,1326517.722054915855,3053259.732152347210,5645
215,1716667.051567055394,1363725.777696793003,3080392.829263848397,5488
216,1749280.718437441027,1364219.871107756180,3113500.589545197207,5299
217,1771374.140060813379,1371799.765488407450,3143173.905549220829,5262
218,1758607.495829094608,1405055.810579857579,3163663.306408952187,4915
219,1796557.539443398200,1390264.395480225989,3186821.934923624189,4779
220,1831101.362609786700,1397648.464031785864,3228749.826641572564,4782
221,1839235.833513280069,1414355.658820988987,3253591.492334269056,4631
222,1831516.434861552429,1443757.550839763958,3275273.985701316387,4406
223,1894183.046421221130,1431315.211525268694,3325498.257946489824,4373
224,1882926.423354156655,1466075.773426237386,3349002.196780394041,4162
225,1945408.307483998031,1432044.269079271295,3377452.576563269325,4062
226,1950992.480453972257,1441730.092055485498,3392722.572509457755,3965
227,1949364.397877297437,1474584.671239968936,3423949.069117266373,3863
228,1975990.929276754737,1491500.336269015212,3467491.265545769949,3747
229,2017820.532218926934,1489736.859530870855,3507557.391749797789,3709
230,2015852.890426758939,1513263.076701268743,3529115.967128027682,3468
231,2021851.916017316017,1528267.740259740260,3550119.656277056277,3465
232,2053473.503548287566,1533549.676643011416,3587023.180191298982,3241
233,2072744.625881631401,1540898.462434835940,3613643.088316467341,3261
234,2100880.871730223763,1559754.274503624330,3660635.146233848093,3173
235,2104313.463018242123,1561933.843449419569,3666247.306467661692,3015
236,2119823.442547603414,1589266.648391332896,3709090.090938936310,3046
237,2149769.096706377015,1577214.604414856342,3726983.701121233357,2854
238,2159641.759884974838,1613772.368080517613,3773414.127965492451,2782
239,2230777.411943704831,1594776.757322175732,3825554.169265880563,2629
240,2253799.738756355104,1567865.089558075870,3821664.828314430974,2557
241,2249181.143205858421,1640338.938161106591,3889520.081366965012,2458
242,2268366.982594280978,1632976.213841690841,3901343.196435971819,2413
243,2284732.770678336980,1646185.635010940919,3930918.405689277899,2285
244,2336968.623201046664,1606757.935891844745,3943726.559092891409,2293
245,2326801.735795454545,1664322.619791666667,3991124.355587121212,2112
246,2364632.069962686567,1649343.122667910448,4013975.192630597015,2144
247,2397978.138151425762,1677298.188790560472,4075276.326941986234,2034
248,2360845.358286009293,1727036.598347960764,4087881.956633970057,1937
249,2364753.228150406504,1734230.802337398374,4098984.030487804878,1968
250,2421960.515283842795,1729203.947052401747,4151164.462336244541,1832
251,2424577.136310904872,1775059.859048723898,4199636.995359628770,1724
252,2527444.947556615018,1690570.204410011919,4218015.151966626937,1678
253,2498036.268354430380,1735703.704430379747,4233739.972784810127,1580
254,2527178.258664955071,1767696.810654685494,4294875.069319640565,1558
255,2505268.971986970684,1831058.137459283388,4336327.109446254072,1535
256,2558340.140292553191,1754068.479388297872,4312408.619680851064,1504
257,2608962.152218430034,1758252.881911262799,4367215.034129692833,1465
258,2606158.962304409673,1804965.416785206259,4411124.379089615932,1406
259,2682421.048816568047,1794283.827662721893,4476704.876479289941,1352
260,2735260.202119606359,1740132.053747161241,4475392.255866767600,1321
261,2644643.192546583851,1836503.703416149068,4481146.895962732919,1288
262,2672400.794995964487,1867482.757869249395,4539883.552865213882,1239
263,2807374.757142857143,1787196.106722689076,4594570.863865546218,1190
264,2734990.455256298871,1840826.264118158123,4575816.719374456994,1151
265,2744223.631977294229,1900297.937559129612,4644521.569536423841,1057
266,2834368.684577114428,1844917.683582089552,4679286.368159203980,1005
267,2882938.125638406537,1823017.627170582227,4705955.752808988764,979
268,2851328.413431269675,1856750.526757607555,4708078.940188877230,953
269,2865199.619469026549,1926465.310717797443,4791664.930186823992,1017
270,2894389.552602436323,1921628.320044296788,4816017.872646733112,903
271,2978578.066350710900,1914726.661137440758,4893304.727488151659,844
272,2973348.424912689173,1867962.641443538999,4841311.066356228172,859
273,2888294.236230110159,2006888.099143206854,4895182.335373317013,817
274,3118083.164663461538,1860021.574519230769,4978104.739182692308,832
275,3039561.507751937984,1900198.773901808786,4939760.281653746770,774
276,3082444.528704939920,1897499.368491321762,4979943.897196261682,749
277,3125510.647988505747,1894552.637931034483,5020063.285919540230,696
278,3113122.599105812221,1951673.688524590164,5064796.287630402385,671
279,3108758.213432835821,2006564.019402985075,5115322.232835820896,670
280,3060377.606758832565,2063497.920122887865,5123875.526881720430,651
281,3133235.096214511041,2023224.955835962145,5156460.052050473186,634
282,3162920.164912280702,2038917.131578947368,5201837.296491228070,570
283,3323747.183421516755,1943103.174603174603,5266850.358024691358,567
284,3230172.032846715328,2091989.116788321168,5322161.149635036496,548
285,3307482.352589641434,1959625.848605577689,5267108.201195219124,502
286,3261015.960629921260,2054164.832677165354,5315180.793307086614,508
287,3359007.335365853659,2128178.339430894309,5487185.674796747967,492
288,3463476.235807860262,2020931.617903930131,5484407.853711790393,458
289,3396743.258620689655,2059526.681034482759,5456269.939655172414,464
290,3405875.466501240695,2083148.263027295285,5489023.729528535980,403
291,3435973.387243735763,2040259.822323462415,5476233.209567198178,439
292,3546876.959232613909,2066730.928057553957,5613607.887290167866,417
293,3389453.446236559140,2168887.075268817204,5558340.521505376344,372
294,3434328.791773778920,2250207.817480719794,5684536.609254498715,389
295,3589633.172222222222,2126514.705555555556,5716147.877777777778,360
296,3554612.086705202312,2102430.254335260116,5657042.341040462428,346
297,3565267.374213836478,2178385.893081761006,5743653.267295597484,318
298,3603851.709580838323,2197407.035928143713,5801258.745508982036,334
299,3587581.693379790941,2104917.358885017422,5692499.052264808362,287
300,3582770.014440433213,2170943.931407942238,5753713.945848375451,277
301,3878604.317829457364,2078168.961240310078,5956773.279069767442,258
302,3646418.723247232472,2200798.435424354244,5847217.158671586716,271
303,3866034.870129870130,2118211.411255411255,5984246.281385281385,231
304,4121953.261044176707,1930903.899598393574,6052857.160642570281,249
305,3735419.334975369458,2263211.487684729064,5998630.822660098522,203
306,3712049.893617021277,2254965.497872340426,5967015.391489361702,235
307,4084145.343750000000,2104684.473958333333,6188829.817708333333,192
308,3802843.514563106796,2341698.601941747573,6144542.116504854369,206
309,3749263.188775510204,2203090.556122448980,5952353.744897959184,196
310,3991008.430851063830,2144309.856382978723,6135318.287234042553,188
311,4062745.375634517766,2145384.888324873096,6208130.263959390863,197
312,4185849.494736842105,2034798.489473684211,6220647.984210526316,190
313,3937225.423529411765,2304931.452941176471,6242156.876470588235,170
314,4325736.671957671958,2069256.650793650794,6394993.322751322751,189
315,3757215.458598726115,2542488.904458598726,6299704.363057324841,157
316,4301880.536764705882,2322020.330882352941,6623900.867647058824,136
317,4024688.677215189873,2163481.981012658228,6188170.658227848101,158
318,4020789.887323943662,2430176.070422535211,6450965.957746478873,142
319,4121031.568345323741,2255870.877697841727,6376902.446043165468,139
320,3848715.992481203008,2480542.864661654135,6329258.857142857143,133
321,4165307.190082644628,2121846.008264462810,6287153.198347107438,121
322,3873579.754237288136,2529933.711864406780,6403513.466101694915,118
323,4184352.008695652174,2312870.426086956522,6497222.434782608696,115
324,4417301.740740740741,2235810.046296296296,6653111.787037037037,108
325,4594862.818965517241,2277830.784482758621,6872693.603448275862,116
326,4340023.297029702970,2398648.316831683168,6738671.613861386139,101
327,4134725.147368421053,2528898.157894736842,6663623.305263157895,95
328,4366846.413461538462,2286365.692307692308,6653212.105769230769,104
329,3994747.886075949367,2612688.265822784810,6607436.151898734177,79
330,4069577.313953488372,2850405.279069767442,6919982.593023255814,86
331,3942502.091954022989,2848074.574712643678,6790576.666666666667,87
332,4181987.091954022989,2581945.494252873563,6763932.586206896552,87
333,3662429.171052631579,2826283.986842105263,6488713.157894736842,76
334,4124445.468354430380,2320573.632911392405,6445019.101265822785,79
335,4968542.196969696970,2307800.454545454545,7276342.651515151515,66
336,4338421.444444444444,2649651.037037037037,6988072.481481481481,54
337,4276432.123076923077,2718685.400000000000,6995117.523076923077,65
338,4379137.457142857143,2292131.542857142857,6671269.000000000000,70
339,4798364.444444444444,2169350.851851851852,6967715.296296296296,54
340,4577131.454545454545,2538984.709090909091,7116116.163636363636,55
341,4677646.760869565217,2464326.347826086957,7141973.108695652174,46
342,4266433.983050847458,2400388.627118644068,6666822.610169491525,59
343,4898169.403508771930,2723238.649122807018,7621408.052631578947,57
344,4567033.685185185185,2426178.518518518519,6993212.203703703704,54
345,4486406.220000000000,2734466.420000000000,7220872.640000000000,50
346,4786417.666666666667,2241429.562500000000,7027847.229166666667,48
347,3741744.513513513514,2842700.324324324324,6584444.837837837838,37
348,5086003.645161290323,1944189.709677419355,7030193.354838709677,31
349,4594229.243902439024,2669999.292682926829,7264228.536585365854,41
350,4821882.828571428571,2100533.171428571429,6922416.000000000000,35
351,4553708.657894736842,2892222.368421052632,7445931.026315789474,38
352,4684775.088235294118,2467966.117647058824,7152741.205882352941,34
353,4905198.000000000000,2697247.866666666667,7602445.866666666667,30
354,5817750.031250000000,2182314.093750000000,8000064.125000000000,32
355,6224639.636363636364,2181978.727272727273,8406618.363636363636,22
356,4777163.619047619048,2862542.904761904762,7639706.523809523810,21
357,4556434.869565217391,2611692.652173913043,7168127.521739130435,23
358,5182801.241379310345,3549732.620689655172,8732533.862068965517,29
359,4782038.785714285714,2423989.178571428571,7206027.964285714286,28
360,5111857.608695652174,3115763.739130434783,8227621.347826086957,23
361,3261068.111111111111,3905507.185185185185,7166575.296296296296,27
362,4302345.571428571429,3101110.571428571429,7403456.142857142857,21
363,6883167.941176470588,1650278.764705882353,8533446.705882352941,17
364,5804287.000000000000,1924093.388888888889,7728380.388888888889,18
365,5339776.000000000000,2838382.913043478261,8178158.913043478261,23
366,3653223.421052631579,3917529.736842105263,7570753.157894736842,19
367,5747015.142857142857,2660598.142857142857,8407613.285714285714,14
368,4483556.842105263158,2280696.157894736842,6764253.000000000000,19
369,6890090.428571428571,1540091.785714285714,8430182.214285714286,14
370,4379400.428571428571,3126471.142857142857,7505871.571428571429,21
371,5121377.555555555556,2872185.333333333333,7993562.888888888889,9
372,6864417.235294117647,2016266.941176470588,8880684.176470588235,17
373,3267328.923076923077,4180577.384615384615,7447906.307692307692,13
374,5013363.900000000000,2443752.800000000000,7457116.700000000000,20
375,4099395.214285714286,2757177.428571428571,6856572.642857142857,14
376,8533098.000000000000,1370252.250000000000,9903350.250000000000,8
377,4494191.333333333333,3013684.055555555556,7507875.388888888889,18
378,5131689.900000000000,2829791.800000000000,7961481.700000000000,10
379,4829665.000000000000,3255901.083333333333,8085566.083333333333,12
380,6478217.400000000000,2162961.200000000000,8641178.600000000000,5
381,4534655.600000000000,2494630.800000000000,7029286.400000000000,10
382,5681662.500000000000,2347688.166666666667,8029350.666666666667,6
383,6316042.714285714286,2596664.857142857143,8912707.571428571429,7
384,1468647.000000000000,2974326.500000000000,4442973.500000000000,4
385,7480459.000000000000,1891577.200000000000,9372036.200000000000,5
386,5430790.000000000000,2419681.833333333333,7850471.833333333333,12
387,5193531.400000000000,2678585.900000000000,7872117.300000000000,10
388,2239872.166666666667,6088093.833333333333,8327966.000000000000,6
389,5731076.000000000000,3115876.777777777778,8846952.777777777778,9
390,4562518.000000000000,3875761.333333333333,8438279.333333333333,9
391,2800278.833333333333,3892036.416666666667,6692315.250000000000,12
392,398769.333333333333,7277185.000000000000,7675954.333333333333,3
393,4950079.428571428571,2850265.142857142857,7800344.571428571429,7
394,4833956.428571428571,3985703.428571428571,8819659.857142857143,7
395,5385098.500000000000,4164710.333333333333,9549808.833333333333,6
396,8263660.750000000000,1619999.000000000000,9883659.750000000000,4
397,4634193.600000000000,3787920.200000000000,8422113.800000000000,5
398,6752396.666666666667,3230070.000000000000,9982466.666666666667,3
399,3338089.666666666667,4046660.000000000000,7384749.666666666667,3
400,3855532.000000000000,3156333.400000000000,7011865.400000000000,5
401,6676101.750000000000,2027627.500000000000,8703729.250000000000,4
402,4700388.600000000000,1559561.000000000000,6259949.600000000000,5
403,7300854.750000000000,3010153.500000000000,10311008.250000000000,4
404,2745089.750000000000,5048450.500000000000,7793540.250000000000,4
405,11354950.000000000000,1681667.000000000000,13036617.000000000000,1
406,6391804.000000000000,3268602.000000000000,9660406.000000000000,3
407,3378331.000000000000,774062.500000000000,4152393.500000000000,2
408,3010762.000000000000,1139646.750000000000,4150408.750000000000,4
409,6101166.250000000000,2412284.500000000000,8513450.750000000000,4
410,4130556.500000000000,2215152.500000000000,6345709.000000000000,4
411,6043660.500000000000,2960623.000000000000,9004283.500000000000,4
412,7963804.500000000000,2535972.500000000000,10499777.000000000000,2
413,3199533.250000000000,6240175.500000000000,9439708.750000000000,4
415,12621998.000000000000,1074986.000000000000,13696984.000000000000,1
416,6227691.500000000000,5702314.500000000000,11930006.000000000000,2
417,6178398.500000000000,3213508.000000000000,9391906.500000000000,2
419,3141982.333333333333,1391002.333333333333,4532984.666666666667,3
420,290381.000000000000,1476383.500000000000,1766764.500000000000,2
421,6299016.200000000000,4218948.800000000000,10517965.000000000000,5
422,5474328.666666666667,2185009.333333333333,7659338.000000000000,3
423,305952.000000000000,1889031.000000000000,2194983.000000000000,1
424,1184242.666666666667,3838840.333333333333,5023083.000000000000,3
425,4128600.000000000000,3127097.666666666667,7255697.666666666667,3
426,47533.000000000000,1800285.000000000000,1847818.000000000000,1
429,11443742.000000000000,513918.000000000000,11957660.000000000000,1
430,16917.333333333333,682734.333333333333,699651.666666666667,3
432,13240736.000000000000,140652.000000000000,13381388.000000000000,1
433,11410477.000000000000,701886.000000000000,12112363.000000000000,1
434,5508478.833333333333,4238886.333333333333,9747365.166666666667,6
435,315193.000000000000,10310888.000000000000,10626081.000000000000,1
437,972005.000000000000,6779983.000000000000,7751988.000000000000,1
439,1196140.000000000000,4583469.500000000000,5779609.500000000000,2
440,10281679.000000000000,1708430.000000000000,11990109.000000000000,1
442,7345534.000000000000,6049933.000000000000,13395467.000000000000,1
443,1945935.000000000000,3504289.000000000000,5450224.000000000000,1
446,11983113.000000000000,882754.000000000000,12865867.000000000000,1
452,1385182.000000000000,7163696.000000000000,8548878.000000000000,2
454,10257669.000000000000,1280890.000000000000,11538559.000000000000,1
456,642911.000000000000,1198290.000000000000,1841201.000000000000,1
458,7018624.500000000000,4079366.500000000000,11097991.000000000000,2
467,2033759.000000000000,3602490.000000000000,5636249.000000000000,1
468,11135912.000000000000,2951569.000000000000,14087481.000000000000,1
472,385423.000000000000,3819988.000000000000,4205411.000000000000,1
476,441573.500000000000,10925171.500000000000,11366745.000000000000,2
478,1837247.000000000000,3502593.000000000000,5339840.000000000000,1
482,98027.000000000000,12858161.000000000000,12956188.000000000000,1
483,465817.000000000000,1136529.000000000000,1602346.000000000000,1
489,0.00000000000000000000,72322.000000000000,72322.000000000000,1
490,62980.000000000000,954406.000000000000,1017386.000000000000,1
508,28385.000000000000,1242731.000000000000,1271116.000000000000,1
518,21134714.000000000000,632300.000000000000,21767014.000000000000,1
523,57745.000000000000,1856301.000000000000,1914046.000000000000,1
526,0.00000000000000000000,25341.000000000000,25341.000000000000,1
563,1764751.000000000000,831601.000000000000,2596352.000000000000,1
584,45435.000000000000,856170.000000000000,901605.000000000000,1
603,2149182.000000000000,1928121.000000000000,4077303.000000000000,1
709,26501.000000000000,1756065.000000000000,1782566.000000000000,1
